package,URI,metaLocatedAt
domain#000000,domain#000000,domain#Data
package#AIHarms,domain#Absolute-ErrorMagnitude,domain#Data
package#AIHarms,domain#ForecastBias,domain#Data
package#AIHarms,domain#LossOfAccuracy,domain#Data
package#AIHarms,domain#LossOfAccurateProcessing,domain#MLModel
package#AIHarms,domain#LossOfAccurateProcessing,domain#MLTrainingAlgorithm
package#AIHarms,domain#LossOfClass-BalancedCorrectness,domain#Data
package#AIHarms,domain#LossOfConsistency,domain#Data
package#AIHarms,domain#LossOfDetectionOrCoverageAccuracy,domain#Data
package#AIHarms,domain#LossOfDistributiveFairness,domain#Data
package#AIHarms,domain#LossOfEquality,domain#Data
package#AIHarms,domain#LossOfFairEqualityOfOpportunity,domain#Data
package#AIHarms,domain#LossOfFairProcessing,domain#MLModel
package#AIHarms,domain#LossOfFairProcessing,domain#MLTrainingAlgorithm
package#AIHarms,domain#LossOfFairness,domain#Data
package#AIHarms,domain#LossOfFairnessInAccuracy,domain#Data
package#AIHarms,domain#LossOfHorizonOrTimepoint-SpecificAccuracy,domain#Data
package#AIHarms,domain#LossOfOpportunityOrCapabilityFairness,domain#Data
package#AIHarms,domain#LossOfOverallLabelCorrectness,domain#Data
package#AIHarms,domain#LossOfPrecision-RecallComposite,domain#Data
package#AIHarms,domain#LossOfPredictive-ValueAccuracy,domain#Data
package#AIHarms,domain#LossOfProceduralFairness,domain#Data
package#AIHarms,domain#LossOfWhole-MatrixAssociationOrAgreement,domain#Data
package#AIHarms,domain#SignedEvent-TimingError,domain#Data
package#AIHarms,domain#Squared-ErrorMagnitude,domain#Data
package#AIHarms_Metrics,domain#LossOfAttackSuccessRate,domain#Data
package#AIHarms_Metrics,domain#LossOfAverageAbsoluteOddsDifference,domain#Data
package#AIHarms_Metrics,domain#LossOfAverageOddsDifference,domain#Data
package#AIHarms_Metrics,domain#LossOfBalancedAccuracy,domain#Data
package#AIHarms_Metrics,domain#LossOfBerthTiming,domain#Data
package#AIHarms_Metrics,domain#LossOfConfidenceDecay,domain#Data
package#AIHarms_Metrics,domain#LossOfConfidenceRetention,domain#Data
package#AIHarms_Metrics,domain#LossOfDisparateImpact,domain#Data
package#AIHarms_Metrics,domain#LossOfEqualOpportunityDifference,domain#Data
package#AIHarms_Metrics,domain#LossOfEqualizedOddsDifference,domain#Data
package#AIHarms_Metrics,domain#LossOfErrorRateDifference,domain#Data
package#AIHarms_Metrics,domain#LossOfErrorRateRatio,domain#Data
package#AIHarms_Metrics,domain#LossOfF1Score,domain#Data
package#AIHarms_Metrics,domain#LossOfFalseDiscoveryRateDifference,domain#Data
package#AIHarms_Metrics,domain#LossOfFalseDiscoveryRateRatio,domain#Data
package#AIHarms_Metrics,domain#LossOfFalseNegativeRateParity,domain#Data
package#AIHarms_Metrics,domain#LossOfFalseOmissionRateDifference,domain#Data
package#AIHarms_Metrics,domain#LossOfFalsePositiveRateParity,domain#Data
package#AIHarms_Metrics,domain#LossOfFlipRate,domain#Data
package#AIHarms_Metrics,domain#LossOfMatthewsCorrelationCoefficient,domain#Data
package#AIHarms_Metrics,domain#LossOfMeanAverageError,domain#Data
package#AIHarms_Metrics,domain#LossOfMeanSquaredError,domain#Data
package#AIHarms_Metrics,domain#LossOfPrecision,domain#Data
package#AIHarms_Metrics,domain#LossOfRecall,domain#Data
package#AIHarms_Metrics,domain#LossOfRecallatBerthTimePoint,domain#Data
package#AIHarms_Metrics,domain#LossOfRobustnessRatio,domain#Data
package#AIHarms_Metrics,domain#LossOfStatisticalParityDifference,domain#Data
package#AIHarms_Metrics,domain#LossOfTheilIndex,domain#Data
package#AccessContext,domain#LocalLossOfUserTW,domain#AccessAsset
package#AccessContext,domain#LossOfAvailability,domain#Accessible
package#AccessContext,domain#LossOfExploitTW,domain#AccessAsset
package#AccessContext,domain#LossOfReliability,domain#Accessible
package#Application,domain#LossOfAuthenticity,domain#Data
package#Application,domain#LossOfAvailability,domain#Data
package#Application,domain#LossOfConfidentiality,domain#Data
package#Application,domain#LossOfDefaultTW,domain#Data
package#Application,domain#LossOfIntegrity,domain#Data
package#Application,domain#LossOfTimeliness,domain#Data
package#Application,domain#LossOfTimeliness,domain#Human
package#Application,domain#LossOfTimeliness,domain#Process
package#Application,domain#MalwareInfection,domain#Accessible
package#Application,domain#MalwareInfection,domain#Data
package#DataLifecycle,domain#InService,domain#DataAsset
package#DataLifecycle,domain#InService,domain#DataStep
package#DataLifecycle,domain#LossOfAuthenticity,domain#DataAsset
package#DataLifecycle,domain#LossOfAvailability,domain#DataAsset
package#DataLifecycle,domain#LossOfConfidentiality,domain#DataAsset
package#DataLifecycle,domain#LossOfIntegrity,domain#DataAsset
package#DataLifecycle,domain#LossOfTimeliness,domain#DataAsset
package#DataLifecycle,domain#MalwareInfection,domain#DataAsset
package#DataLifecycle,domain#NotDecrypted,domain#DataAsset
package#DataLifecycle,domain#NotEncrypted,domain#DataAsset
package#DataLifecycle,domain#Overloaded,domain#DataStep
package#DataStructure,domain#LossOfAuthenticity,domain#DataField
package#DataStructure,domain#LossOfAvailability,domain#DataField
package#DataStructure,domain#LossOfConfidentiality,domain#DataField
package#DataStructure,domain#LossOfIntegrity,domain#DataField
package#DataStructure,domain#LossOfTimeliness,domain#DataField
package#IoT,domain#LossOfAuthenticity,domain#Sensor
package#IoT,domain#LossOfConfidentiality,domain#Thing
package#IoT,domain#LossOfIntegrity,domain#Sensor
package#IoT,domain#LossOfTimeliness,domain#Sensor
package#IoT,domain#PhysicalShutdown,domain#Controller
package#Network,domain#InService,domain#NetworkAsset
package#Network,domain#LocalLossOfControl,domain#AccessContext
package#Network,domain#LocalLossOfControl,domain#Host
package#Network,domain#LossOfAvailability,domain#AbstractSubnet
package#Network,domain#LossOfAvailability,domain#DataCentre
package#Network,domain#LossOfCapacity,domain#DataCentre
package#Network,domain#LossOfControl,domain#Host
package#Network,domain#LossOfDefaultTW,domain#Accessible
package#Network,domain#LossOfDefaultTW,domain#LogicalSubnet
package#Network,domain#LossOfExtrinsicTW,domain#Accessible
package#Network,domain#LossOfIntrinsicTW,domain#Accessible
package#Network,domain#LossOfNetworkControl,domain#AbstractSubnet
package#Network,domain#LossOfNetworkUserTW,domain#AbstractSubnet
package#Network,domain#LossOfResourceTW,domain#DataCentre
package#Network,domain#LossOfResourceTW,domain#Host
package#Network,domain#LossOfUserTW,domain#Accessible
package#Network,domain#NetworkAccess,domain#LogicalSubnet
package#Network,domain#Overloaded,domain#Accessible
package#Network,domain#Overloaded,domain#LogicalSubnet
package#Network,domain#TotalLoad,domain#DataCentre
package#Network,domain#TrojanInsertion,domain#Accessible
package#Network,domain#VulnerabilityDiscovered,domain#Accessible
package#NetworkConnectivity,domain#BandwidthUnmanaged,domain#Interface
package#NetworkConnectivity,domain#CommsSnoopable,domain#AbstractSubnet
package#NetworkConnectivity,domain#ConnectionsAllowed,domain#CommsAsset
package#NetworkConnectivity,domain#LossOfAvailability,domain#CommsAsset
package#NetworkConnectivity,domain#NetworkSpoofing,domain#Interface
package#NetworkConnectivity,domain#Overloaded,domain#Interface
package#PatientHarms,domain#AbsenceOfDiagnosis,domain#Human
package#PatientHarms,domain#AbsenceOfTreatment,domain#Human
package#PatientHarms,domain#DelayedDiagnosis,domain#Human
package#PatientHarms,domain#DelayedTreatment,domain#Human
package#PatientHarms,domain#InappropriateTreatment,domain#Human
package#PatientHarms,domain#Misdiagnosis,domain#Human
package#Physical,domain#PhysicalBreach,domain#PrivateSpace
package#Physical,domain#PhysicalIntrusion,domain#Space
package#ProcessComms,domain#CommsSnoopable,domain#ConnectionChannel
package#ProcessComms,domain#InService,domain#ConnectionAsset
package#ProcessComms,domain#LossOfConnectivity,domain#ServiceChannel
package#ProcessComms,domain#ServiceChannelsAllowed,domain#Interface
package#ProcessComms,domain#ServiceChannelsAllowed,domain#LogicalSegment
package#ProcessTrust,domain#ClientImpersonation,domain#AuthChannel
package#ProcessTrust,domain#DeputyConfusion,domain#ClientChannel
package#ProcessTrust,domain#LossOfAccessibility,domain#AuthChannel
package#ProcessTrust,domain#LossOfAnonUserTW,domain#ClientChannel
package#ProcessTrust,domain#LossOfClientTW,domain#AuthChannel
package#ProcessTrust,domain#LossOfProxyUserTW,domain#ClientChannel
package#ProcessTrust,domain#LossOfServiceTW,domain#AuthChannel
package#ProcessTrust,domain#ServiceImpersonation,domain#AuthChannel
package#Theft,domain#Theft,domain#PhysicalHost
package#Theft,domain#TheftOfControl,domain#AccessContext
package#Theft,domain#TheftOfControl,domain#Host
package#Theft,domain#TheftOfControl,domain#Process
package#Users,domain#LossOfAstuteness,domain#Human
package#Users,domain#LossOfAvailability,domain#Human
package#Users,domain#LossOfBenevolence,domain#Stakeholder
package#Users,domain#LossOfCompetence,domain#Human
package#Users,domain#LossOfReliability,domain#Human
package#Users,domain#LossOfTrust,domain#Human
package#Virtualisation,domain#CommsSnoopable,domain#HostChannel
package#Virtualisation,domain#LossOfAvailability,domain#CommsChannel
package#Virtualisation,domain#LossOfConnectivity,domain#HostChannel
package#Virtualisation,domain#LossOfConnectivity,domain#VirtualChannel
package#VulnerabilityCVSS,domain#LossOfExtrinsic-A-TW,domain#Host
package#VulnerabilityCVSS,domain#LossOfExtrinsic-A-TW,domain#Process
package#VulnerabilityCVSS,domain#LossOfExtrinsic-AU-TW,domain#Host
package#VulnerabilityCVSS,domain#LossOfExtrinsic-AU-TW,domain#Process
package#VulnerabilityCVSS,domain#LossOfExtrinsic-C-TW,domain#Host
package#VulnerabilityCVSS,domain#LossOfExtrinsic-C-TW,domain#Process
package#VulnerabilityCVSS,domain#LossOfExtrinsic-I-TW,domain#Host
package#VulnerabilityCVSS,domain#LossOfExtrinsic-I-TW,domain#Process
package#VulnerabilityCVSS,domain#LossOfExtrinsic-M-TW,domain#Host
package#VulnerabilityCVSS,domain#LossOfExtrinsic-M-TW,domain#Process
package#VulnerabilityCVSS,domain#LossOfExtrinsic-QI-TW,domain#Process
package#VulnerabilityCVSS,domain#LossOfExtrinsic-U-TW,domain#Host
package#VulnerabilityCVSS,domain#LossOfExtrinsic-U-TW,domain#Process
package#VulnerabilityCVSS,domain#LossOfExtrinsic-VA-TW,domain#Host
package#VulnerabilityCVSS,domain#LossOfExtrinsic-VA-TW,domain#Process
package#VulnerabilityCVSS,domain#LossOfExtrinsic-VL-TW,domain#Host
package#VulnerabilityCVSS,domain#LossOfExtrinsic-VL-TW,domain#Process
package#VulnerabilityCVSS,domain#LossOfExtrinsic-VN-TW,domain#Host
package#VulnerabilityCVSS,domain#LossOfExtrinsic-VN-TW,domain#Process
package#VulnerabilityCVSS,domain#LossOfExtrinsic-W-TW,domain#Host
package#VulnerabilityCVSS,domain#LossOfExtrinsic-W-TW,domain#Process
package#VulnerabilityCVSS,domain#LossOfExtrinsic-XS-TW,domain#Process
