package,URI,label,comment,isVisible,abbrev
domain#000000,domain#000000,AbsoluteErrorMagnitude,12345678123456781234567812345678123456781234567812345678123456781234567812345678123456781234567812345678123456781234567812345678123456781234567812345678123456781234567812345678123456781234567812345678123456781234567812345678123456781234567812345678123456781234567812345678123456781234567812345678123456781234567812345678,TRUE,
package#AIHarms,domain#AbsoluteErrorMagnitude,AbsoluteErrorMagnitude,"The absolute difference between predicted and actual values has increased to an unacceptable amount, hence giving an absolute-error magnitude.",TRUE,
package#AIHarms,domain#ForecastBias,ForecastBias,"Signed forecast errors are persistently concentrated in one direction, with their mean shifted unacceptably away from zero.",TRUE,
package#AIHarms,domain#LossOfAccuracy,LossOfAccuracy,Signifies that data is incorrect when compared with reality.,TRUE,
package#AIHarms,domain#LossOfAccurateProcessing,LossOfAccurateProcessing,Inputs to the process are processed such that the resulting outputs are inaccurate.,TRUE,
package#AIHarms,domain#LossOfAdversarialAndWorstCaseRobustness,LossOfAdversarialAndWorstCaseRobustness,"A model is unacceptably vulnerable to deliberate or worst-case perturbations, hence giving a loss of adversarial and worst-case robustness.",TRUE,
package#AIHarms,domain#LossOfClassBalancedCorrectness,LossOfClassBalancedCorrectness,"Recall has degraded for one or more classes, increasing the proportion of actual class members assigned an incorrect label, hence giving a loss of class-balanced performance.",TRUE,
package#AIHarms,domain#LossOfClassConditionalDecisionPerformance,LossOfClassConditionalDecisionPerformance,"Actual members of a class are not successfully detected and/or the assignment to a specified class is not reliable, hence giving a loss of class-conditional decision performance.",TRUE,
package#AIHarms,domain#LossOfConsistency,LossOfConsistency,Comparable cases are not handled according to the same rules.,TRUE,
package#AIHarms,domain#LossOfDetectionOrCoverageAccuracy,LossOfDetectionOrCoverageAccuracy,Correct members of the target class are not correctly identified.,TRUE,
package#AIHarms,domain#LossOfDiscreteLabelCorrectnessAndAgreement,LossOfDiscreteLabelCorrectnessAndAgreement,"Predicted categorical labels are not consistent with corresponding ground-truth labels, hence giving a loss of discrete-label correctness and agreement.",TRUE,
package#AIHarms,domain#LossOfDistributiveFairness,LossOfDistributiveFairness,There is a loss of fairness in the outcomes and the allocation of benefits and burdens across different groups.,TRUE,
package#AIHarms,domain#LossOfEmpiricalAdversarialRobustness,LossOfEmpiricalAdversarialRobustness,"An unacceptable proportion of adversarial attacks successfully achieve their objectives, hence giving a loss of empirical adversarial robustness.",TRUE,
package#AIHarms,domain#LossOfEquality,LossOfEquality,Different groups of people receive different share or treatment rather than there being the sameness of allocation.,TRUE,
package#AIHarms,domain#LossOfFairEqualityOfOpportunity,LossOfFairEqualityOfOpportunity,Positions and opportunities are not open under genuinely fair conditions.,TRUE,
package#AIHarms,domain#LossOfFairProcessing,LossOfFairProcessing,"Inputs to the process are processed such that the resulting outputs are unduly detrimental, lack equality or equity, or have harmful bias or discrimination.",TRUE,
package#AIHarms,domain#LossOfFairness,LossOfFairness,"Equality or equity is not represented within the data, with issues such as harmful bias or discrimination present.",TRUE,
package#AIHarms,domain#LossOfFairnessInAccuracy,LossOfFairnessInAccuracy,Decisions are not based on correct information.,TRUE,
package#AIHarms,domain#LossOfForecastSpecificTemporalAccuracy,LossOfForecastSpecificTemporalAccuracy,"Forecasts are unacceptably inaccurate at the required future horizons, operational timepoints or event times, hence giving a loss of forecast-specific temporal accuracy.",TRUE,
package#AIHarms,domain#LossOfHorizonOrTimepointSpecificAccuracy,LossOfHorizonOrTimepointSpecificAccuracy,"Forecasts evaluated at defined lead times are not aligned with corresponding observed outcomes, hence giving a loss of horizon or timepoint-specific accuracy.",TRUE,
package#AIHarms,domain#LossOfNumericPointPredictionAccuracy,LossOfNumericPointPredictionAccuracy,"The difference between predicted and actual numerical values is unacceptably large, hence giving a loss of numeric point-prediction accuracy.",TRUE,
package#AIHarms,domain#LossOfOpportunityOrCapabilityFairness,LossOfOpportunityOrCapabilityFairness,"There is a loss of fairness in the real opportunities, freedoms and ability to achieve valued ways of living between different groups.",TRUE,
package#AIHarms,domain#LossOfOutputSensitivityOrConfidenceStability,LossOfOutputSensitivityOrConfidenceStability,"Small and/or label-preserving input perturbations produce unacceptably large changes in performance or confidence, hence giving a loss of output sensitivity or confidence stability.",TRUE,
package#AIHarms,domain#LossOfOverallLabelCorrectness,LossOfOverallLabelCorrectness,Prediction labels disagree with ground-truth labels.,TRUE,
package#AIHarms,domain#LossOfPerturbationPerformanceResilience,LossOfPerturbationPerformanceResilience,"Perturbed performance with specified input has an unacceptable performance compared to the corresponding clean-input performance, hence giving a loss of perturbation performance resilience.",TRUE,
package#AIHarms,domain#LossOfPrecisionRecallComposite,LossOfPrecisionRecallComposite,"Precision, recall or both have declined, hence giving a loss of precision-recall composite.",TRUE,
package#AIHarms,domain#LossOfPredictionConsistencyRate,LossOfPredictionConsistencyRate,"An unacceptable proportion of label-preserving input perturbations causes the predicted class to change, hence giving a loss of prediction consistency rate.",TRUE,
package#AIHarms,domain#LossOfPredictionStabilityAndLocalSensitivity,LossOfPredictionStabilityAndLocalSensitivity,"Small or label preserving input perturbations produce unacceptably large or frequent changes in the predictions, hence giving a loss of prediction stability and local sensitivity.",TRUE,
package#AIHarms,domain#LossOfPredictiveValueAccuracy,LossOfPredictiveValueAccuracy,"A significant proportion of predictions to a class are incorrect, hence giving a loss of predictive-value accuracy.",TRUE,
package#AIHarms,domain#LossOfProceduralFairness,LossOfProceduralFairness,There is a loss of fairness in the procedures and processes used to reach a decision.,TRUE,
package#AIHarms,domain#LossOfRobustness,LossOfRobustness,"The AI or ML system is unable to maintain a stable, reliable and acceptable performance when faced with input perturbations, noise, distribution shifts, unexpected conditions or deliberate adversarial attacks.",TRUE,
package#AIHarms,domain#LossOfSinglePerturbationRelativePerformance,LossOfSinglePerturbationRelativePerformance,"An unacceptable proportion of clean-data performance is lost due to a specified perturbation being applied, hence giving a loss of single-perturbation relative performance.",TRUE,
package#AIHarms,domain#LossOfWholeMatrixAssociationOrAgreement,LossOfWholeMatrixAssociationOrAgreement,"The overall correspondence between predicted and ground-truth assignments has weakened across the complete confusion matrix, hence giving a loss of whole-matric association or agreement.",TRUE,
package#AIHarms,domain#SignedEventTimingError,SignedEventTimingError,"The predicted event time has moved unacceptably from the actual event time in either direction, giving an unacceptable temporal misalignment, hence giving a signed event-timing error.",TRUE,
package#AIHarms,domain#SquaredErrorMagnitude,SquaredErrorMagnitude,"The squared difference between predicted and actual values has increased to an unacceptable amount, hence giving a squared-error magnitude.",TRUE,
package#AIHarms_Metrics,domain#LossOfAttackSuccessRate,LossOfAttackSuccessRate,Adversarial attempts achieve their objective and the model can be easily manipulated.,TRUE,
package#AIHarms_Metrics,domain#LossOfAverageAbsoluteOddsDifference,LossOfAverageAbsoluteOddsDifference,There is not equality of odds between false positive and true positive rates between monitored groups and reference groups.,TRUE,
package#AIHarms_Metrics,domain#LossOfAverageOddsDifference,LossOfAverageOddsDifference,There is inequality of odds of false positive and true positive rates between unprivileged and privileged groups.,TRUE,
package#AIHarms_Metrics,domain#LossOfBalancedAccuracy,LossOfBalancedAccuracy,"For equal weights applied to the classes, the performance and accuracy is not balanced across the classes.",TRUE,
package#AIHarms_Metrics,domain#LossOfBerthTiming,LossOfBerthTiming,There is a large difference between berthing prediction times and the actual berthing times.,TRUE,
package#AIHarms_Metrics,domain#LossOfConfidenceDecay,LossOfConfidenceDecay,"Perturbed confidence is substantially lower than clean confidence, with the perturbed input change strongly affecting the output certainty.",TRUE,
package#AIHarms_Metrics,domain#LossOfConfidenceRetention,LossOfConfidenceRetention,Perturbed confidence is much lower than clean confidence.,TRUE,
package#AIHarms_Metrics,domain#LossOfDisparateImpact,LossOfDisparateImpact,There is an unequal ratio of favourable outcome rates between unprivileged and privileged groups.,TRUE,
package#AIHarms_Metrics,domain#LossOfEqualOpportunityDifference,LossOfEqualOpportunityDifference,True positive rates are unequal between unprivileged and privileged groups.,TRUE,
package#AIHarms_Metrics,domain#LossOfEqualizedOddsDifference,LossOfEqualizedOddsDifference,There are not equalised odds of true positive and false positive rates between unprivileged and privileged groups.,TRUE,
package#AIHarms_Metrics,domain#LossOfErrorRateDifference,LossOfErrorRateDifference,The error rates for unprivileged and privileged groups are unequal.,TRUE,
package#AIHarms_Metrics,domain#LossOfErrorRateRatio,LossOfErrorRateRatio,Error rates for unprivileged and privileged groups are unequal.,TRUE,
package#AIHarms_Metrics,domain#LossOfF1Score,LossOfF1Score,Precision and/or recall is weak.,TRUE,
package#AIHarms_Metrics,domain#LossOfFalseDiscoveryRateDifference,LossOfFalseDiscoveryRateDifference,The false discovery rates between unprivileged and privileged groups is unequal.,TRUE,
package#AIHarms_Metrics,domain#LossOfFalseDiscoveryRateRatio,LossOfFalseDiscoveryRateRatio,False discovery rates (incorrect positives among predicted positives) between unprivileged and privileged groups are unequal.,TRUE,
package#AIHarms_Metrics,domain#LossOfFalseNegativeRateParity,LossOfFalseNegativeRateParity,There are unequal false negative rates between unprivileged and privileged groups.,TRUE,
package#AIHarms_Metrics,domain#LossOfFalseOmissionRateDifference,LossOfFalseOmissionRateDifference,There are not equal odds between the false negative rate of a monitored group compared to the overall negative rate.,TRUE,
package#AIHarms_Metrics,domain#LossOfFalsePositiveRateParity,LossOfFalsePositiveRateParity,There are unequal false positive rates between unprivileged and privileged groups.,TRUE,
package#AIHarms_Metrics,domain#LossOfFlipRate,LossOfFlipRate,Perturbed inputs receive different predictions from their clean counterparts.,TRUE,
package#AIHarms_Metrics,domain#LossOfMatthewsCorrelationCoefficient,LossOfMatthewsCorrelationCoefficient,There is a weak correlation between predicted and correct labels.,TRUE,
package#AIHarms_Metrics,domain#LossOfMeanAverageError,LossOfMeanAverageError,Mean average error is large.,TRUE,
package#AIHarms_Metrics,domain#LossOfMeanSquaredError,LossOfMeanSquaredError,Mean squared error is large.,TRUE,
package#AIHarms_Metrics,domain#LossOfPrecision,LossOfPrecision,Predictions for a particular class are incorrect.,TRUE,
package#AIHarms_Metrics,domain#LossOfRecall,LossOfRecall,Samples belonging to a particular class are incorrectly predicted.,TRUE,
package#AIHarms_Metrics,domain#LossOfRecallatBerthTimePoint,LossOfRecallatBerthTimePoint,Berth events are missed when they should have been anticipated.,TRUE,
package#AIHarms_Metrics,domain#LossOfRobustnessRatio,LossOfRobustnessRatio,Perturbed performance is much lower than clean performance.,TRUE,
package#AIHarms_Metrics,domain#LossOfStatisticalParityDifference,LossOfStatisticalParityDifference,There is a difference in rates of favourable outcomes received by unprivileged and privileged groups.,TRUE,
package#AIHarms_Metrics,domain#LossOfTheilIndex,LossOfTheilIndex,There is inequality in the benefit allocation for individuals.,TRUE,
package#AccessContext,domain#LocalLossOfUserTW,LocalLossOfUserTW,"Untrusted, potentially malicious agents gained access to a host, with user rights (possibly associated with a specific process), when the host is in a specific location and/or connected to a specific subnet.",FALSE,L
package#AccessContext,domain#LossOfExploitTW,LossOfExploitTW,Exposure of software vulnerabilities to exploitation by attackers in some context.,FALSE,V
package#Application,domain#LossOfAuthenticity,LossOfAuthenticity,Forging or alteration of data (which may be embedded in an IoT device) in a way designed to induce false behaviour in other assets consuming the data.,TRUE,Auth
package#Application,domain#LossOfConfidentiality,LossOfConfidentiality,"Disclosure of data (which may be embedded in an IoT device) to unauthorised parties, or a state where prevention or detection of such a disclosure cannot be ensured.",TRUE,C
package#Application,domain#LossOfIntegrity,LossOfIntegrity,"Alteration or corruption of data (which may be embedded in an IoT device) such that its use will produce incorrect outputs or outcomes, but which may or may not be malicious and designed to subvert assets consuming the data.",TRUE,I
package#Application,domain#LossOfTimeliness,LossOfTimeliness,"Represents a state in which a data asset is somewhat out of date, or a process or human has outdated or (temporarily) unavailable inputs.",TRUE,T
package#Application,domain#MalwareInfection,MalwareInfection,"Insertion into the asset of malicious, self-propagating software.",TRUE,W
package#DataLifecycle,domain#NotDecrypted,NotDecrypted,"An adverse behaviour of stored or flowing copies of data, signifying that the copy is not available in an unencrypted form. Considered an adverse effect because it can lead to loss of availability for the data if a legitimate user or process lacks a suitable decryption key, and used to model side effects of encryption controls.",FALSE,X
package#DataLifecycle,domain#NotEncrypted,NotEncrypted,"An adverse behaviour of stored or flowing copies of data, signifying that the copy is not available in an encrypted form. Considered as an adverse effect as it means confidentiality could be breached without compromising a decryption key, and used to model side effects of encryption controls.",FALSE,Y
package#IoT,domain#PhysicalShutdown,PhysicalShutdown,Signifies that the physical process controlled by the Controller has been halted by physical means.,TRUE,PA
package#Network,domain#InService,InService,"Engagement by an asset in the system, which is usually desirable, but means the asset is open to attack, abuse or misuse (and hence it is modelled as a potential threat consequence).",FALSE,IS
package#Network,domain#LocalLossOfControl,LocalLossOfControl,"Untrusted, potentially malicious agents gained admin privileges on a host, when the host is in a specific location and/or connected to a specific subnet.",FALSE,M
package#Network,domain#LossOfCapacity,LossOfCapacity,Reduction in the capacity of a Data Centre to handle demands placed on it by automatically provisioned for hosts and processes.,FALSE,O
package#Network,domain#LossOfControl,Loss Of Control,"Untrusted, potentially malicious agents gained admin rights in some system context.",TRUE,M
package#Network,domain#LossOfDefaultTW,LossOfDefaultTW,"Modelling artefact, corresponding to the trustworthiness attribute DefaultTW, which is already set by default to the lowest trustworthiness level.",FALSE,None
package#Network,domain#LossOfExtrinsicTW,LossOfExtrinsicTW,"Deterioration in the quality and/or integrity of software engineering used to implement the asset, such that it will contain more software vulnerabilities likely to be discovered by an attacker.",FALSE,None
package#Network,domain#LossOfIntrinsicTW,LossOfIntrinsicTW,"Deterioration in the quality and/or integrity of software engineering used to implement the asset, such that it will contain more functional software bugs that cause errors or crashes without external provocation.",TRUE,TW
package#Network,domain#LossOfNetworkControl,LossOfNetworkControl,"Untrusted, potentially malicious agents can control routing within the abstract or logical subnet.",TRUE,M
package#Network,domain#LossOfNetworkUserTW,LossOfNetworkUserTW,"Untrusted, potentially malicious agents have access to the abstract or logical network subnet, i.e. they can access a connected host that may or may not be part of the modelled system.",TRUE,L
package#Network,domain#LossOfResourceTW,LossOfResourceTW,"Untrusted, potentially malicious agents can control the provisining of or allocation of resources to the asset.",FALSE,RTW
package#Network,domain#LossOfUserTW,Loss Of User TW,"Untrusted, potentially malicious agents gained user rights in some system context.",TRUE,L
package#Network,domain#NetworkAccess,NetworkAccess,"A malicious agent is able to request a connection to the logical subnet, i.e., they can send messages to the controlling router or process but they do not have an address on the subnet (so they cannot yet exchange messages with other connected hosts).",TRUE,
package#Network,domain#Overloaded,Overloaded,The asset is being used or requested more than allowed or expected.,TRUE,O
package#Network,domain#TotalLoad,TotalLoad,The total load on a Data Centre.,TRUE,O
package#Network,domain#TrojanInsertion,BackdoorInsertion,Insertion of a back door into a host operating system or other software stored and running on a host.,FALSE,J
package#Network,domain#VulnerabilityDiscovered,VulnerabilityDiscovered,Discovery by potential attackers of one or more vulnerabilities in software associated with the affected host or process.,TRUE,E-D
package#NetworkConnectivity,domain#BandwidthUnmanaged,BandwidthUnmanaged,Signifies that bandwidth used by message flows through an interface cannot be restricted based on their source and/or destination addresses.,FALSE,BU
package#NetworkConnectivity,domain#CommsSnoopable,CommsSnoopable,"Applies to a network or communication channel, signifying that messages in that network or channel can be intercepted and read via passive snooping or via a man-in-the-middle attack.",TRUE,C
package#NetworkConnectivity,domain#ConnectionsAllowed,ConnectionsAllowed,"Applies to a network communication route, i.e. the Interface between a Host and a Subnet, or a Logical Segment representing a route between two Subnets, signifying that by default, messages will be allowed to flow.",FALSE,DA
package#NetworkConnectivity,domain#NetworkSpoofing,NetworkSpoofing,The connection from a device to a subnet is really with a spoofed subnet. This means a malicious party is routing between the device and the subnet with which it is supposed to be connected.,TRUE,Auth
package#PatientHarms,domain#AbsenceOfDiagnosis,AbsenceOfDiagnosis,"The diagnosis process does not occur or does not identify a disease or condition, leading to patient harm through no disease or condition being identified.",TRUE,
package#PatientHarms,domain#AbsenceOfTreatment,AbsenceOfTreatment,"The actions to treat or alleviate a disease or condition are not taken, leading to patient harm.",TRUE,
package#PatientHarms,domain#DelayedDiagnosis,DelayedDiagnosis,"The diagnosis process is delayed, leading to the disease or condition being identified but not in a timely fashion, causing patient harm.",TRUE,
package#PatientHarms,domain#DelayedTreatment,DelayedTreatment,"The correct actions to treat or alleviate a disease or condition are taken, but not in a timely fashion, leading to patient harm.",TRUE,
package#PatientHarms,domain#InappropriateTreatment,InappropriateTreatment,"The wrong actions to treat or alleviate a disease or condition are taken, leading to patient harm.",TRUE,
package#PatientHarms,domain#Misdiagnosis,Misdiagnosis,"The diagnosis process occurs but the wrong disease or condition is identified, leading to patient harm.",TRUE,
package#Physical,domain#PhysicalBreach,PhysicalBreach,The physical boundary and means of access control to a private space has been compromised.,TRUE,M
package#Physical,domain#PhysicalIntrusion,PhysicalIntrusion,"Untrusted, potentially malicious agents have or could have physical access to the space.",TRUE,L
package#ProcessComms,domain#LossOfConnectivity,LossOfConnectivity,There is a loss of connectivity between processes.,TRUE,A
package#ProcessComms,domain#ServiceChannelsAllowed,ServiceChannelsAllowed,"Applies to a communication route, i.e. the Interface between a Host and a Subnet, or a Logical Segment representing a route between two Subnets. Signifies that exceptions do exist allowing client-service connections and communications to tunnel through a default deny routing policy.",FALSE,TA
package#ProcessTrust,domain#ClientImpersonation,ClientImpersonation,"The authentication credentials of a client accessing a service are no longer secure and reliable, i.e. the client could can be impersonated to the service. This does not necessarily mean an attacker can access the service, only that they have access to client credentials.",TRUE,AuC
package#ProcessTrust,domain#DeputyConfusion,DeputyConfusion,The client is influenced by a malicious actor who is able to induce the client to send malicious requests to its service.,FALSE,AuD
package#ProcessTrust,domain#LossOfAccessibility,LossOfAccessibility,"Referring to a client-service relationship, representing inability of the client to authenticate with the service.",TRUE,AX
package#ProcessTrust,domain#LossOfAnonUserTW,LossOfAnonUserTW,"Untrustworthy users are able to send messages to a service from the direction of a specific client. This relates to any message so it includes messages sent anonymously, prior to authentication. It is not related to which users can access the service. Consequently, a high likelihood is not in itself a cause for concern, so the impact level should never be raised for this behaviour.",FALSE,AuA
package#ProcessTrust,domain#LossOfClientTW,LossOfClientTW,"A malicious actor is able to access the related service and authenticate as the related client. This means the attacker is able to send requests to the service, and either the attacker has access to client credentials or the service fails to authenticate before allowing access.",TRUE,R
package#ProcessTrust,domain#LossOfProxyUserTW,LossOfProxyUserTW,"A malicious actor is able to send messages via a reverse proxy to a related service. The service is exposed to malicious requests, but not directly from an attacker.",FALSE,AuP
package#ProcessTrust,domain#LossOfServiceTW,LossOfServiceTW,"The service accessed by a client is controlled by a malicious actor, usually (but not always) caused by the service being hacked by an external attacker.",TRUE,L
package#ProcessTrust,domain#ServiceImpersonation,ServiceImpersonation,The service accessed by a client is an imposter.,FALSE,AuS
package#Theft,domain#Theft,Theft,Signifies that a (mobile) device has been stolen and an attacker now has possession and the ability to misuse the device.,TRUE,P
package#Theft,domain#TheftOfControl,TheftOfControl,"Untrusted, potentially malicious agents gained control of a device or process running on it after the device has been removed by theft from the system.",TRUE,TM
package#Users,domain#LossOfAstuteness,LossOfAstuteness,"Being undermined in a way that causes a lapse in judgement regarding security risks in a Human, leaving them more open to being deceived into taking inappropriate actions.",TRUE,AT
package#Users,domain#LossOfAvailability,LossOfAvailability,"The asset cannot (or will not) carry out its function within the system, failing to interact with other assets as expected.",TRUE,A
package#Users,domain#LossOfBenevolence,LossOfBenevolence,Effect of external influences on a Human that introduce or foster motives or desires to cause adverse effects.,TRUE,B
package#Users,domain#LossOfCompetence,LossOfCompetence,"Erosion of competence in a Human, caused by changes in themselves, their role or the technology they use to carry out that role within the system.",TRUE,K
package#Users,domain#LossOfReliability,LossOfReliability,"The human, device or software process asset is liable to make errors with unacceptable frequency or extent. Caused by internal failings such as lack of expertise, software bugs, etc., or by using forged, corrupt or inaccurate information as input, or some other dependency on some other asset that is not reliable.",TRUE,U
package#Users,domain#LossOfTrust,LossOfTrust,The Stakeholder (usually a Human) is no longer willing to fulfil their role in the system. NOT YET USED IN ANY THREAT.,FALSE,None
package#VulnerabilityCVSS,domain#LossOfExtrinsic-A-TW,LossOfExtrinsic-A-TW,Discovery by potential attackers of a vulnerability whose exploitation would compromise asset availability.,FALSE,E-A
package#VulnerabilityCVSS,domain#LossOfExtrinsic-AU-TW,LossOfExtrinsic-AU-TW,Discovery by potential attackers of a vulnerability that can be accessed without authentication.,FALSE,E-AU
package#VulnerabilityCVSS,domain#LossOfExtrinsic-C-TW,LossOfExtrinsic-C-TW,Discovery by potential attackers of a vulnerability whose exploitation would compromise data confidentiality.,FALSE,E-C
package#VulnerabilityCVSS,domain#LossOfExtrinsic-I-TW,LossOfExtrinsic-I-TW,Discovery by potential attackers of a vulnerability whose exploitation would allow data to be altered.,FALSE,E-I
package#VulnerabilityCVSS,domain#LossOfExtrinsic-M-TW,LossOfExtrinsic-M-TW,Discovery by potential attackers of a vulnerability whose exploitation would allow an attacker to take control.,FALSE,E-M
package#VulnerabilityCVSS,domain#LossOfExtrinsic-QI-TW,LossOfExtrinsic-QI-TW,Discovery by potential attackers of a vulnerability whose exploitation would allow an attacker to inject queries that will be passed to a trusting back-end process.,FALSE,E-QI
package#VulnerabilityCVSS,domain#LossOfExtrinsic-U-TW,LossOfExtrinsic-U-TW,Discovery by potential attackers of a vulnerability whose exploitation would allow an attacker user level access.,FALSE,E-U
package#VulnerabilityCVSS,domain#LossOfExtrinsic-VA-TW,LossOfExtrinsic-VA-TW,"Discovery by potential attackers of a vulnerability that can be accessed only from the local network, requiring access to either the broadcast or collision domain of the vulnerable software.",FALSE,E-VA
package#VulnerabilityCVSS,domain#LossOfExtrinsic-VL-TW,LossOfExtrinsic-VL-TW,Discovery by potential attackers of a vulnerability that can be accessed from a local shell or via physical access.,FALSE,E-VL
package#VulnerabilityCVSS,domain#LossOfExtrinsic-VN-TW,LossOfExtrinsic-VN-TW,Discovery by potential attackers of a vulnerability that can be accessed from a remote network.,FALSE,E-VN
package#VulnerabilityCVSS,domain#LossOfExtrinsic-W-TW,LossOfExtrinsic-W-TW,Discovery by potential attackers of a vulnerability whose exploitation would allow insertion of self-propagating malware.,FALSE,E-W
package#VulnerabilityCVSS,domain#LossOfExtrinsic-XS-TW,LossOfExtrinsic-XS-TW,Discovery by potential attackers of a vulnerability in a service whose exploitation would allow injection of malicious scripts into a client process.,FALSE,E-XS
